Kong Fu Panda,https://sdarot.world/watch/2106-%D7%A7%D7%95%D7%A0%D7%92-%D7%A4%D7%95-%D7%A4%D7%A0%D7%93%D7%94-%D7%90%D7%92%D7%93%D7%AA-%D7%94%D7%9E%D7%92%D7%A0%D7%99%D7%91%D7%95%D7%AA-%D7%9E%D7%93%D7%95%D7%91%D7%91-kung-fu-panda-legends-of-awesomeness
The Resident,https://sdarot.world/watch/4076-%D7%94%D7%9E%D7%AA%D7%9E%D7%97%D7%94-the-resident
Grey's Anatomy,https://sdarot.world/watch/11-%D7%94%D7%90%D7%A0%D7%98%D7%95%D7%9E%D7%99%D7%94-%D7%A9%D7%9C-%D7%92%D7%A8%D7%99%D7%99-grey-s-anatomy
חברות,https://sdarot.world/watch/553-%D7%97%D7%91%D7%A8%D7%95%D7%AA-haverot
Ramzor,https://sdarot.world/watch/226-%D7%A8%D7%9E%D7%96%D7%95%D7%A8-ramzor
צומת מילר,https://sdarot.world/watch/2388-%D7%A6%D7%95%D7%9E%D7%AA-%D7%9E%D7%99%D7%9C%D7%A8-tzomet-miller
Mr. Robot,https://sdarot.world/watch/1734-%D7%9E%D7%A8-%D7%A8%D7%95%D7%91%D7%95%D7%98-mr-robot
Kofiko,https://sdarot.world/watch/422-%D7%A7%D7%95%D7%A4%D7%99%D7%A7%D7%95-kofiko
Dreamworks Dragon,https://sdarot.world/watch/2417-%D7%94%D7%93%D7%A8%D7%A7%D7%95%D7%9F-%D7%94%D7%A8%D7%90%D7%A9%D7%95%D7%9F-%D7%A9%D7%9C%D7%99-%D7%9E%D7%93%D7%95%D7%91%D7%91-dreamworks-dragon
Star Trek,https://sdarot.world/watch/2762-%D7%9E%D7%A1%D7%A2-%D7%91%D7%99%D7%9F-%D7%9B%D7%95%D7%9B%D7%91%D7%99%D7%9D-star-trek
תאג"ד,https://sdarot.world/watch/2513
Avatar Korra,https://sdarot.world/watch/1394
אווטאר,https://sdarot.world/watch/393
Brooklyn Nine Nine,https://sdarot.today/watch/973
Des,https://sdarot.world/watch/5772